gelogd_utc,key,doel_datum,lead,temp_f
2026-07-27T12:33+00:00,NYC,2026-07-27,0,84
2026-07-27T12:33+00:00,NYC,2026-07-28,1,80
2026-07-27T12:33+00:00,CHI,2026-07-27,0,91
2026-07-27T12:33+00:00,CHI,2026-07-28,1,78
2026-07-27T12:33+00:00,MIA,2026-07-27,0,91
2026-07-27T12:33+00:00,MIA,2026-07-28,1,92
2026-07-27T12:33+00:00,LAX,2026-07-27,0,81
2026-07-27T12:33+00:00,LAX,2026-07-28,1,80
2026-07-27T12:33+00:00,SFO,2026-07-27,0,74
2026-07-27T12:33+00:00,SFO,2026-07-28,1,75
2026-07-27T12:33+00:00,SEA,2026-07-27,0,78
2026-07-27T12:33+00:00,SEA,2026-07-28,1,75
2026-07-27T12:33+00:00,DEN,2026-07-27,0,95
2026-07-27T12:33+00:00,DEN,2026-07-28,1,92
2026-07-27T12:33+00:00,DAL,2026-07-27,0,103
2026-07-27T12:33+00:00,DAL,2026-07-28,1,103
2026-07-27T12:33+00:00,HOU,2026-07-27,0,98
2026-07-27T12:33+00:00,HOU,2026-07-28,1,99
2026-07-27T12:33+00:00,AUS,2026-07-27,0,98
2026-07-27T12:33+00:00,AUS,2026-07-28,1,99
2026-07-27T12:33+00:00,ATL,2026-07-27,0,92
2026-07-27T12:33+00:00,ATL,2026-07-28,1,96
2026-07-28T07:56+00:00,NYC,2026-07-28,0,80
2026-07-28T07:56+00:00,NYC,2026-07-29,1,79
2026-07-28T07:56+00:00,CHI,2026-07-28,0,80
2026-07-28T07:56+00:00,CHI,2026-07-29,1,83
2026-07-28T07:56+00:00,MIA,2026-07-28,0,92
2026-07-28T07:56+00:00,MIA,2026-07-29,1,94
2026-07-28T07:56+00:00,LAX,2026-07-28,0,80
2026-07-28T07:56+00:00,LAX,2026-07-29,1,80
2026-07-28T07:56+00:00,SFO,2026-07-28,0,72
2026-07-28T07:56+00:00,SFO,2026-07-29,1,73
2026-07-28T07:56+00:00,SEA,2026-07-28,0,74
2026-07-28T07:56+00:00,SEA,2026-07-29,1,76
2026-07-28T07:56+00:00,DEN,2026-07-28,0,92
2026-07-28T07:56+00:00,DEN,2026-07-29,1,92
2026-07-28T07:56+00:00,DAL,2026-07-28,0,101
2026-07-28T07:56+00:00,DAL,2026-07-29,1,102
2026-07-28T07:56+00:00,HOU,2026-07-28,0,98
2026-07-28T07:56+00:00,HOU,2026-07-29,1,99
2026-07-28T07:56+00:00,AUS,2026-07-28,0,99
2026-07-28T07:56+00:00,AUS,2026-07-29,1,99
2026-07-28T07:56+00:00,ATL,2026-07-28,0,96
2026-07-28T07:56+00:00,ATL,2026-07-29,1,91
2026-07-29T08:01+00:00,NYC,2026-07-29,0,80
2026-07-29T08:01+00:00,NYC,2026-07-30,1,79
2026-07-29T08:01+00:00,CHI,2026-07-29,0,81
2026-07-29T08:01+00:00,CHI,2026-07-30,1,88
2026-07-29T08:01+00:00,MIA,2026-07-29,0,94
2026-07-29T08:01+00:00,MIA,2026-07-30,1,95
2026-07-29T08:01+00:00,LAX,2026-07-29,0,80
2026-07-29T08:01+00:00,LAX,2026-07-30,1,81
2026-07-29T08:01+00:00,SFO,2026-07-29,0,72
2026-07-29T08:01+00:00,SFO,2026-07-30,1,73
2026-07-29T08:01+00:00,SEA,2026-07-29,0,76
2026-07-29T08:01+00:00,SEA,2026-07-30,1,77
2026-07-29T08:01+00:00,DEN,2026-07-29,0,91
2026-07-29T08:01+00:00,DEN,2026-07-30,1,93
2026-07-29T08:01+00:00,DAL,2026-07-29,0,101
2026-07-29T08:01+00:00,DAL,2026-07-30,1,102
2026-07-29T08:01+00:00,HOU,2026-07-29,0,97
2026-07-29T08:01+00:00,HOU,2026-07-30,1,98
2026-07-29T08:01+00:00,AUS,2026-07-29,0,99
2026-07-29T08:01+00:00,AUS,2026-07-30,1,100
2026-07-29T08:01+00:00,ATL,2026-07-29,0,93
2026-07-29T08:01+00:00,ATL,2026-07-30,1,92
2026-07-30T07:43+00:00,NYC,2026-07-30,0,78
2026-07-30T07:43+00:00,NYC,2026-07-31,1,84
2026-07-30T07:43+00:00,CHI,2026-07-30,0,87
2026-07-30T07:43+00:00,CHI,2026-07-31,1,80
2026-07-30T07:43+00:00,MIA,2026-07-30,0,95
2026-07-30T07:43+00:00,MIA,2026-07-31,1,95
2026-07-30T07:43+00:00,LAX,2026-07-30,0,80
2026-07-30T07:43+00:00,LAX,2026-07-31,1,81
2026-07-30T07:43+00:00,SFO,2026-07-30,0,72
2026-07-30T07:43+00:00,SFO,2026-07-31,1,76
2026-07-30T07:43+00:00,SEA,2026-07-30,0,77
2026-07-30T07:43+00:00,SEA,2026-07-31,1,83
2026-07-30T07:43+00:00,DEN,2026-07-30,0,93
2026-07-30T07:43+00:00,DEN,2026-07-31,1,89
2026-07-30T07:43+00:00,DAL,2026-07-30,0,102
2026-07-30T07:43+00:00,DAL,2026-07-31,1,104
2026-07-30T07:43+00:00,HOU,2026-07-30,0,97
2026-07-30T07:43+00:00,HOU,2026-07-31,1,97
2026-07-30T07:43+00:00,AUS,2026-07-30,0,100
2026-07-30T07:43+00:00,AUS,2026-07-31,1,100
2026-07-30T07:43+00:00,ATL,2026-07-30,0,93
2026-07-30T07:43+00:00,ATL,2026-07-31,1,93
2026-08-07T05:16+00:00,NYC,2026-08-07,0,91
2026-08-07T05:16+00:00,NYC,2026-08-08,1,91
2026-08-07T05:16+00:00,CHI,2026-08-07,0,84
2026-08-07T05:16+00:00,CHI,2026-08-08,1,84
2026-08-07T05:16+00:00,MIA,2026-08-07,0,91
2026-08-07T05:16+00:00,MIA,2026-08-08,1,91
2026-08-07T05:16+00:00,LAX,2026-08-07,1,80
2026-08-07T05:16+00:00,SFO,2026-08-07,1,77
2026-08-07T05:16+00:00,SEA,2026-08-07,1,87
2026-08-07T05:16+00:00,DEN,2026-08-07,1,96
2026-08-07T05:16+00:00,DAL,2026-08-07,0,101
2026-08-07T05:16+00:00,DAL,2026-08-08,1,99
2026-08-07T05:16+00:00,HOU,2026-08-07,0,95
2026-08-07T05:16+00:00,HOU,2026-08-08,1,95
2026-08-07T05:16+00:00,AUS,2026-08-07,0,97
2026-08-07T05:16+00:00,AUS,2026-08-08,1,97
2026-08-07T05:16+00:00,ATL,2026-08-07,0,89
2026-08-07T05:16+00:00,ATL,2026-08-08,1,90
2026-08-07T06:46+00:00,NYC,2026-08-07,0,91
2026-08-07T06:46+00:00,NYC,2026-08-08,1,91
2026-08-07T06:46+00:00,CHI,2026-08-07,0,85
2026-08-07T06:46+00:00,CHI,2026-08-08,1,83
2026-08-07T06:46+00:00,MIA,2026-08-07,0,91
2026-08-07T06:46+00:00,MIA,2026-08-08,1,91
2026-08-07T06:46+00:00,LAX,2026-08-07,1,80
2026-08-07T06:46+00:00,SFO,2026-08-07,1,74
2026-08-07T06:46+00:00,SEA,2026-08-07,1,87
2026-08-07T06:46+00:00,DEN,2026-08-07,0,97
2026-08-07T06:46+00:00,DEN,2026-08-08,1,100
2026-08-07T06:46+00:00,DAL,2026-08-07,0,101
2026-08-07T06:46+00:00,DAL,2026-08-08,1,99
2026-08-07T06:46+00:00,HOU,2026-08-07,0,95
2026-08-07T06:46+00:00,HOU,2026-08-08,1,95
2026-08-07T06:46+00:00,AUS,2026-08-07,0,98
2026-08-07T06:46+00:00,AUS,2026-08-08,1,98
2026-08-07T06:46+00:00,ATL,2026-08-07,0,89
2026-08-07T06:46+00:00,ATL,2026-08-08,1,90
2026-08-07T12:25+00:00,NYC,2026-08-07,0,91
2026-08-07T12:25+00:00,NYC,2026-08-08,1,91
2026-08-07T12:25+00:00,CHI,2026-08-07,0,85
2026-08-07T12:25+00:00,CHI,2026-08-08,1,83
2026-08-07T12:25+00:00,MIA,2026-08-07,0,91
2026-08-07T12:25+00:00,MIA,2026-08-08,1,91
2026-08-07T12:25+00:00,LAX,2026-08-07,0,79
2026-08-07T12:25+00:00,LAX,2026-08-08,1,79
2026-08-07T12:25+00:00,SFO,2026-08-07,0,74
2026-08-07T12:25+00:00,SFO,2026-08-08,1,77
2026-08-07T12:25+00:00,SEA,2026-08-07,0,85
2026-08-07T12:25+00:00,SEA,2026-08-08,1,82
2026-08-07T12:25+00:00,DEN,2026-08-07,0,97
2026-08-07T12:25+00:00,DEN,2026-08-08,1,100
2026-08-07T12:25+00:00,DAL,2026-08-07,0,102
2026-08-07T12:25+00:00,DAL,2026-08-08,1,99
2026-08-07T12:25+00:00,HOU,2026-08-07,0,95
2026-08-07T12:25+00:00,HOU,2026-08-08,1,95
2026-08-07T12:25+00:00,AUS,2026-08-07,0,98
2026-08-07T12:25+00:00,AUS,2026-08-08,1,98
2026-08-07T12:25+00:00,ATL,2026-08-07,0,90
2026-08-07T12:25+00:00,ATL,2026-08-08,1,91
2026-08-07T19:36+00:00,NYC,2026-08-07,0,91
2026-08-07T19:36+00:00,NYC,2026-08-08,1,90
2026-08-07T19:36+00:00,CHI,2026-08-07,0,84
2026-08-07T19:36+00:00,CHI,2026-08-08,1,83
2026-08-07T19:36+00:00,MIA,2026-08-07,0,91
2026-08-07T19:36+00:00,MIA,2026-08-08,1,91
2026-08-07T19:36+00:00,LAX,2026-08-07,0,79
2026-08-07T19:36+00:00,LAX,2026-08-08,1,80
2026-08-07T19:36+00:00,SFO,2026-08-07,0,74
2026-08-07T19:36+00:00,SFO,2026-08-08,1,77
2026-08-07T19:36+00:00,SEA,2026-08-07,0,86
2026-08-07T19:36+00:00,SEA,2026-08-08,1,82
2026-08-07T19:36+00:00,DEN,2026-08-07,0,97
2026-08-07T19:36+00:00,DEN,2026-08-08,1,100
2026-08-07T19:36+00:00,DAL,2026-08-07,0,101
2026-08-07T19:36+00:00,DAL,2026-08-08,1,100
2026-08-07T19:36+00:00,HOU,2026-08-07,0,94
2026-08-07T19:36+00:00,HOU,2026-08-08,1,94
2026-08-07T19:36+00:00,AUS,2026-08-07,0,98
2026-08-07T19:36+00:00,AUS,2026-08-08,1,97
2026-08-07T19:36+00:00,ATL,2026-08-07,0,90
2026-08-07T19:36+00:00,ATL,2026-08-08,1,90
2026-08-08T02:32+00:00,NYC,2026-08-08,1,90
2026-08-08T02:32+00:00,CHI,2026-08-08,1,83
2026-08-08T02:32+00:00,MIA,2026-08-08,1,91
2026-08-08T02:32+00:00,LAX,2026-08-08,1,80
2026-08-08T02:32+00:00,SFO,2026-08-08,1,77
2026-08-08T02:32+00:00,SEA,2026-08-08,1,82
2026-08-08T02:32+00:00,DEN,2026-08-08,1,100
2026-08-08T02:32+00:00,DAL,2026-08-08,1,100
2026-08-08T02:32+00:00,HOU,2026-08-08,1,94
2026-08-08T02:32+00:00,AUS,2026-08-08,1,97
2026-08-08T02:32+00:00,ATL,2026-08-08,1,90
2026-08-08T07:32+00:00,NYC,2026-08-08,0,91
2026-08-08T07:32+00:00,NYC,2026-08-09,1,91
2026-08-08T07:32+00:00,CHI,2026-08-08,0,84
2026-08-08T07:32+00:00,CHI,2026-08-09,1,85
2026-08-08T07:32+00:00,MIA,2026-08-08,0,92
2026-08-08T07:32+00:00,MIA,2026-08-09,1,92
2026-08-08T07:32+00:00,LAX,2026-08-08,0,79
2026-08-08T07:32+00:00,LAX,2026-08-09,1,79
2026-08-08T07:32+00:00,SFO,2026-08-08,0,76
2026-08-08T07:32+00:00,SFO,2026-08-09,1,80
2026-08-08T07:32+00:00,SEA,2026-08-08,0,83
2026-08-08T07:32+00:00,SEA,2026-08-09,1,79
2026-08-08T07:32+00:00,DEN,2026-08-08,0,100
2026-08-08T07:32+00:00,DEN,2026-08-09,1,100
2026-08-08T07:32+00:00,DAL,2026-08-08,0,101
2026-08-08T07:32+00:00,DAL,2026-08-09,1,101
2026-08-08T07:32+00:00,HOU,2026-08-08,0,93
2026-08-08T07:32+00:00,HOU,2026-08-09,1,93
2026-08-08T07:32+00:00,AUS,2026-08-08,0,99
2026-08-08T07:32+00:00,AUS,2026-08-09,1,98
2026-08-08T07:32+00:00,ATL,2026-08-08,0,91
2026-08-08T07:32+00:00,ATL,2026-08-09,1,91
2026-08-08T11:25+00:00,NYC,2026-08-08,0,91
2026-08-08T11:25+00:00,NYC,2026-08-09,1,91
2026-08-08T11:25+00:00,CHI,2026-08-08,0,84
2026-08-08T11:25+00:00,CHI,2026-08-09,1,85
2026-08-08T11:25+00:00,MIA,2026-08-08,0,92
2026-08-08T11:25+00:00,MIA,2026-08-09,1,92
2026-08-08T11:25+00:00,LAX,2026-08-08,0,79
2026-08-08T11:25+00:00,LAX,2026-08-09,1,79
2026-08-08T11:25+00:00,SFO,2026-08-08,0,76
2026-08-08T11:25+00:00,SFO,2026-08-09,1,80
2026-08-08T11:25+00:00,SEA,2026-08-08,0,83
2026-08-08T11:25+00:00,SEA,2026-08-09,1,79
2026-08-08T11:25+00:00,DEN,2026-08-08,0,100
2026-08-08T11:25+00:00,DEN,2026-08-09,1,100
2026-08-08T11:25+00:00,DAL,2026-08-08,0,101
2026-08-08T11:25+00:00,DAL,2026-08-09,1,101
2026-08-08T11:25+00:00,HOU,2026-08-08,0,93
2026-08-08T11:25+00:00,HOU,2026-08-09,1,93
2026-08-08T11:25+00:00,AUS,2026-08-08,0,99
2026-08-08T11:25+00:00,AUS,2026-08-09,1,98
2026-08-08T11:25+00:00,ATL,2026-08-08,0,91
2026-08-08T11:25+00:00,ATL,2026-08-09,1,91
2026-08-08T11:48+00:00,NYC,2026-08-08,0,91
2026-08-08T11:48+00:00,NYC,2026-08-09,1,91
2026-08-08T11:48+00:00,CHI,2026-08-08,0,84
2026-08-08T11:48+00:00,CHI,2026-08-09,1,85
2026-08-08T11:48+00:00,MIA,2026-08-08,0,92
2026-08-08T11:48+00:00,MIA,2026-08-09,1,92
2026-08-08T11:48+00:00,LAX,2026-08-08,0,79
2026-08-08T11:48+00:00,LAX,2026-08-09,1,79
2026-08-08T11:48+00:00,SFO,2026-08-08,0,76
2026-08-08T11:48+00:00,SFO,2026-08-09,1,80
2026-08-08T11:48+00:00,SEA,2026-08-08,0,83
2026-08-08T11:48+00:00,SEA,2026-08-09,1,79
2026-08-08T11:48+00:00,DEN,2026-08-08,0,100
2026-08-08T11:48+00:00,DEN,2026-08-09,1,100
2026-08-08T11:48+00:00,DAL,2026-08-08,0,101
2026-08-08T11:48+00:00,DAL,2026-08-09,1,101
2026-08-08T11:48+00:00,HOU,2026-08-08,0,93
2026-08-08T11:48+00:00,HOU,2026-08-09,1,93
2026-08-08T11:48+00:00,AUS,2026-08-08,0,99
2026-08-08T11:48+00:00,AUS,2026-08-09,1,98
2026-08-08T11:48+00:00,ATL,2026-08-08,0,91
2026-08-08T11:48+00:00,ATL,2026-08-09,1,91
2026-08-08T12:13+00:00,NYC,2026-08-08,0,91
2026-08-08T12:13+00:00,NYC,2026-08-09,1,91
2026-08-08T12:13+00:00,CHI,2026-08-08,0,84
2026-08-08T12:13+00:00,CHI,2026-08-09,1,85
2026-08-08T12:13+00:00,MIA,2026-08-08,0,92
2026-08-08T12:13+00:00,MIA,2026-08-09,1,92
2026-08-08T12:13+00:00,LAX,2026-08-08,0,79
2026-08-08T12:13+00:00,LAX,2026-08-09,1,79
2026-08-08T12:13+00:00,SFO,2026-08-08,0,76
2026-08-08T12:13+00:00,SFO,2026-08-09,1,80
2026-08-08T12:13+00:00,SEA,2026-08-08,0,83
2026-08-08T12:13+00:00,SEA,2026-08-09,1,79
2026-08-08T12:13+00:00,DEN,2026-08-08,0,100
2026-08-08T12:13+00:00,DEN,2026-08-09,1,100
2026-08-08T12:13+00:00,DAL,2026-08-08,0,101
2026-08-08T12:13+00:00,DAL,2026-08-09,1,101
2026-08-08T12:13+00:00,HOU,2026-08-08,0,93
2026-08-08T12:13+00:00,HOU,2026-08-09,1,93
2026-08-08T12:13+00:00,AUS,2026-08-08,0,99
2026-08-08T12:13+00:00,AUS,2026-08-09,1,98
2026-08-08T12:13+00:00,ATL,2026-08-08,0,91
2026-08-08T12:13+00:00,ATL,2026-08-09,1,91
2026-08-08T19:12+00:00,NYC,2026-08-08,0,91
2026-08-08T19:12+00:00,NYC,2026-08-09,1,92
2026-08-08T19:12+00:00,CHI,2026-08-08,0,84
2026-08-08T19:12+00:00,CHI,2026-08-09,1,84
2026-08-08T19:12+00:00,MIA,2026-08-08,0,92
2026-08-08T19:12+00:00,MIA,2026-08-09,1,92
2026-08-08T19:12+00:00,LAX,2026-08-08,0,79
2026-08-08T19:12+00:00,LAX,2026-08-09,1,79
2026-08-08T19:12+00:00,SFO,2026-08-08,0,76
2026-08-08T19:12+00:00,SFO,2026-08-09,1,80
2026-08-08T19:12+00:00,SEA,2026-08-08,0,83
2026-08-08T19:12+00:00,SEA,2026-08-09,1,79
2026-08-08T19:12+00:00,DEN,2026-08-08,0,100
2026-08-08T19:12+00:00,DEN,2026-08-09,1,100
2026-08-08T19:12+00:00,DAL,2026-08-08,0,101
2026-08-08T19:12+00:00,DAL,2026-08-09,1,101
2026-08-08T19:12+00:00,HOU,2026-08-08,0,93
2026-08-08T19:12+00:00,HOU,2026-08-09,1,93
2026-08-08T19:12+00:00,AUS,2026-08-08,0,99
2026-08-08T19:12+00:00,AUS,2026-08-09,1,97
2026-08-08T19:12+00:00,ATL,2026-08-08,0,91
2026-08-08T19:12+00:00,ATL,2026-08-09,1,91
2026-08-09T02:38+00:00,NYC,2026-08-09,1,92
2026-08-09T02:38+00:00,CHI,2026-08-09,1,84
2026-08-09T02:38+00:00,MIA,2026-08-09,1,92
2026-08-09T02:38+00:00,LAX,2026-08-09,1,79
2026-08-09T02:38+00:00,SFO,2026-08-09,1,81
2026-08-09T02:38+00:00,SEA,2026-08-09,1,79
2026-08-09T02:38+00:00,DEN,2026-08-09,1,99
2026-08-09T02:38+00:00,DAL,2026-08-09,1,101
2026-08-09T02:38+00:00,HOU,2026-08-09,1,93
2026-08-09T02:38+00:00,AUS,2026-08-09,1,97
2026-08-09T02:38+00:00,ATL,2026-08-09,1,91
2026-08-09T07:38+00:00,NYC,2026-08-09,0,92
2026-08-09T07:38+00:00,NYC,2026-08-10,1,92
2026-08-09T07:38+00:00,CHI,2026-08-09,0,84
2026-08-09T07:38+00:00,CHI,2026-08-10,1,84
2026-08-09T07:38+00:00,MIA,2026-08-09,0,92
2026-08-09T07:38+00:00,MIA,2026-08-10,1,92
2026-08-09T07:38+00:00,LAX,2026-08-09,0,79
2026-08-09T07:38+00:00,LAX,2026-08-10,1,79
2026-08-09T07:38+00:00,SFO,2026-08-09,0,81
2026-08-09T07:38+00:00,SFO,2026-08-10,1,76
2026-08-09T07:38+00:00,SEA,2026-08-09,0,79
2026-08-09T07:38+00:00,SEA,2026-08-10,1,78
2026-08-09T07:38+00:00,DEN,2026-08-09,0,98
2026-08-09T07:38+00:00,DEN,2026-08-10,1,97
2026-08-09T07:38+00:00,DAL,2026-08-09,0,99
2026-08-09T07:38+00:00,DAL,2026-08-10,1,100
2026-08-09T07:38+00:00,HOU,2026-08-09,0,93
2026-08-09T07:38+00:00,HOU,2026-08-10,1,92
2026-08-09T07:38+00:00,AUS,2026-08-09,0,97
2026-08-09T07:38+00:00,AUS,2026-08-10,1,97
2026-08-09T07:38+00:00,ATL,2026-08-09,0,92
2026-08-09T07:38+00:00,ATL,2026-08-10,1,91
2026-08-09T11:59+00:00,NYC,2026-08-09,0,92
2026-08-09T11:59+00:00,NYC,2026-08-10,1,92
2026-08-09T11:59+00:00,CHI,2026-08-09,0,84
2026-08-09T11:59+00:00,CHI,2026-08-10,1,84
2026-08-09T11:59+00:00,MIA,2026-08-09,0,92
2026-08-09T11:59+00:00,MIA,2026-08-10,1,92
2026-08-09T11:59+00:00,LAX,2026-08-09,0,79
2026-08-09T11:59+00:00,LAX,2026-08-10,1,79
2026-08-09T11:59+00:00,SFO,2026-08-09,0,81
2026-08-09T11:59+00:00,SFO,2026-08-10,1,76
2026-08-09T11:59+00:00,SEA,2026-08-09,0,79
2026-08-09T11:59+00:00,SEA,2026-08-10,1,78
2026-08-09T11:59+00:00,DEN,2026-08-09,0,98
2026-08-09T11:59+00:00,DEN,2026-08-10,1,97
2026-08-09T11:59+00:00,DAL,2026-08-09,0,99
2026-08-09T11:59+00:00,DAL,2026-08-10,1,100
2026-08-09T11:59+00:00,HOU,2026-08-09,0,93
2026-08-09T11:59+00:00,HOU,2026-08-10,1,92
2026-08-09T11:59+00:00,AUS,2026-08-09,0,97
2026-08-09T11:59+00:00,AUS,2026-08-10,1,97
2026-08-09T11:59+00:00,ATL,2026-08-09,0,92
2026-08-09T11:59+00:00,ATL,2026-08-10,1,91
2026-08-09T19:17+00:00,NYC,2026-08-09,0,92
2026-08-09T19:17+00:00,NYC,2026-08-10,1,92
2026-08-09T19:17+00:00,CHI,2026-08-09,0,85
2026-08-09T19:17+00:00,CHI,2026-08-10,1,83
2026-08-09T19:17+00:00,MIA,2026-08-09,0,92
2026-08-09T19:17+00:00,MIA,2026-08-10,1,92
2026-08-09T19:17+00:00,LAX,2026-08-09,0,79
2026-08-09T19:17+00:00,LAX,2026-08-10,1,79
2026-08-09T19:17+00:00,SFO,2026-08-09,0,81
2026-08-09T19:17+00:00,SFO,2026-08-10,1,76
2026-08-09T19:17+00:00,SEA,2026-08-09,0,78
2026-08-09T19:17+00:00,SEA,2026-08-10,1,78
2026-08-09T19:17+00:00,DEN,2026-08-09,0,98
2026-08-09T19:17+00:00,DEN,2026-08-10,1,97
2026-08-09T19:17+00:00,DAL,2026-08-09,0,101
2026-08-09T19:17+00:00,DAL,2026-08-10,1,100
2026-08-09T19:17+00:00,HOU,2026-08-09,0,92
2026-08-09T19:17+00:00,HOU,2026-08-10,1,91
2026-08-09T19:17+00:00,AUS,2026-08-09,0,96
2026-08-09T19:17+00:00,AUS,2026-08-10,1,96
2026-08-09T19:17+00:00,ATL,2026-08-09,0,92
2026-08-09T19:17+00:00,ATL,2026-08-10,1,91
2026-08-10T02:55+00:00,NYC,2026-08-10,1,92
2026-08-10T02:55+00:00,CHI,2026-08-10,1,83
2026-08-10T02:55+00:00,MIA,2026-08-10,1,92
2026-08-10T02:55+00:00,LAX,2026-08-10,1,79
2026-08-10T02:55+00:00,SFO,2026-08-10,1,76
2026-08-10T02:55+00:00,SEA,2026-08-10,1,78
2026-08-10T02:55+00:00,DEN,2026-08-10,1,97
2026-08-10T02:55+00:00,DAL,2026-08-10,1,100
2026-08-10T02:55+00:00,HOU,2026-08-10,1,91
2026-08-10T02:55+00:00,AUS,2026-08-10,1,96
2026-08-10T02:55+00:00,ATL,2026-08-10,1,91
2026-08-10T08:15+00:00,NYC,2026-08-10,0,93
2026-08-10T08:15+00:00,NYC,2026-08-11,1,90
2026-08-10T08:15+00:00,CHI,2026-08-10,0,84
2026-08-10T08:15+00:00,CHI,2026-08-11,1,82
2026-08-10T08:15+00:00,MIA,2026-08-10,0,93
2026-08-10T08:15+00:00,MIA,2026-08-11,1,93
2026-08-10T08:15+00:00,LAX,2026-08-10,0,81
2026-08-10T08:15+00:00,LAX,2026-08-11,1,78
2026-08-10T08:15+00:00,SFO,2026-08-10,0,75
2026-08-10T08:15+00:00,SFO,2026-08-11,1,76
2026-08-10T08:15+00:00,SEA,2026-08-10,0,77
2026-08-10T08:15+00:00,SEA,2026-08-11,1,79
2026-08-10T08:15+00:00,DEN,2026-08-10,0,98
2026-08-10T08:15+00:00,DEN,2026-08-11,1,98
2026-08-10T08:15+00:00,DAL,2026-08-10,0,101
2026-08-10T08:15+00:00,DAL,2026-08-11,1,101
2026-08-10T08:15+00:00,HOU,2026-08-10,0,91
2026-08-10T08:15+00:00,HOU,2026-08-11,1,95
2026-08-10T08:15+00:00,AUS,2026-08-10,0,98
2026-08-10T08:15+00:00,AUS,2026-08-11,1,100
2026-08-10T08:15+00:00,ATL,2026-08-10,0,92
2026-08-10T08:15+00:00,ATL,2026-08-11,1,92
2026-08-10T12:28+00:00,NYC,2026-08-10,0,93
2026-08-10T12:28+00:00,NYC,2026-08-11,1,90
2026-08-10T12:28+00:00,CHI,2026-08-10,0,84
2026-08-10T12:28+00:00,CHI,2026-08-11,1,82
2026-08-10T12:28+00:00,MIA,2026-08-10,0,93
2026-08-10T12:28+00:00,MIA,2026-08-11,1,93
2026-08-10T12:28+00:00,LAX,2026-08-10,0,81
2026-08-10T12:28+00:00,LAX,2026-08-11,1,78
2026-08-10T12:28+00:00,SFO,2026-08-10,0,75
2026-08-10T12:28+00:00,SFO,2026-08-11,1,76
2026-08-10T12:28+00:00,SEA,2026-08-10,0,77
2026-08-10T12:28+00:00,SEA,2026-08-11,1,79
2026-08-10T12:28+00:00,DEN,2026-08-10,0,98
2026-08-10T12:28+00:00,DEN,2026-08-11,1,98
2026-08-10T12:28+00:00,DAL,2026-08-10,0,101
2026-08-10T12:28+00:00,DAL,2026-08-11,1,101
2026-08-10T12:28+00:00,HOU,2026-08-10,0,91
2026-08-10T12:28+00:00,HOU,2026-08-11,1,95
2026-08-10T12:28+00:00,AUS,2026-08-10,0,98
2026-08-10T12:28+00:00,AUS,2026-08-11,1,100
2026-08-10T12:28+00:00,ATL,2026-08-10,0,92
2026-08-10T12:28+00:00,ATL,2026-08-11,1,92
2026-08-10T19:37+00:00,NYC,2026-08-10,0,93
2026-08-10T19:37+00:00,NYC,2026-08-11,1,90
2026-08-10T19:37+00:00,CHI,2026-08-10,0,84
2026-08-10T19:37+00:00,CHI,2026-08-11,1,80
2026-08-10T19:37+00:00,MIA,2026-08-10,0,93
2026-08-10T19:37+00:00,MIA,2026-08-11,1,93
2026-08-10T19:37+00:00,LAX,2026-08-10,0,80
2026-08-10T19:37+00:00,LAX,2026-08-11,1,78
2026-08-10T19:37+00:00,SFO,2026-08-10,0,75
2026-08-10T19:37+00:00,SFO,2026-08-11,1,75
2026-08-10T19:37+00:00,SEA,2026-08-10,0,78
2026-08-10T19:37+00:00,SEA,2026-08-11,1,79
2026-08-10T19:37+00:00,DEN,2026-08-10,0,96
2026-08-10T19:37+00:00,DEN,2026-08-11,1,96
2026-08-10T19:37+00:00,DAL,2026-08-10,0,100
2026-08-10T19:37+00:00,DAL,2026-08-11,1,101
2026-08-10T19:37+00:00,HOU,2026-08-10,0,90
2026-08-10T19:37+00:00,HOU,2026-08-11,1,94
2026-08-10T19:37+00:00,AUS,2026-08-10,0,98
2026-08-10T19:37+00:00,AUS,2026-08-11,1,99
2026-08-10T19:37+00:00,ATL,2026-08-10,0,92
2026-08-10T19:37+00:00,ATL,2026-08-11,1,92
2026-08-11T02:38+00:00,NYC,2026-08-11,1,90
2026-08-11T02:38+00:00,CHI,2026-08-11,1,80
2026-08-11T02:38+00:00,MIA,2026-08-11,1,93
2026-08-11T02:38+00:00,LAX,2026-08-11,1,78
2026-08-11T02:38+00:00,SFO,2026-08-11,1,75
2026-08-11T02:38+00:00,SEA,2026-08-11,1,79
2026-08-11T02:38+00:00,DEN,2026-08-11,1,96
2026-08-11T02:38+00:00,DAL,2026-08-11,1,101
2026-08-11T02:38+00:00,HOU,2026-08-11,1,94
2026-08-11T02:38+00:00,AUS,2026-08-11,1,99
2026-08-11T02:38+00:00,ATL,2026-08-11,1,92
2026-08-11T07:50+00:00,NYC,2026-08-11,0,90
2026-08-11T07:50+00:00,NYC,2026-08-12,1,88
2026-08-11T07:50+00:00,CHI,2026-08-11,0,82
2026-08-11T07:50+00:00,CHI,2026-08-12,1,83
2026-08-11T07:50+00:00,MIA,2026-08-11,0,93
2026-08-11T07:50+00:00,MIA,2026-08-12,1,93
2026-08-11T07:50+00:00,LAX,2026-08-11,0,78
2026-08-11T07:50+00:00,LAX,2026-08-12,1,76
2026-08-11T07:50+00:00,SFO,2026-08-11,0,74
2026-08-11T07:50+00:00,SFO,2026-08-12,1,73
2026-08-11T07:50+00:00,SEA,2026-08-11,0,77
2026-08-11T07:50+00:00,SEA,2026-08-12,1,75
2026-08-11T07:50+00:00,DEN,2026-08-11,0,94
2026-08-11T07:50+00:00,DEN,2026-08-12,1,92
2026-08-11T07:50+00:00,DAL,2026-08-11,0,100
2026-08-11T07:50+00:00,DAL,2026-08-12,1,101
2026-08-11T07:50+00:00,HOU,2026-08-11,0,95
2026-08-11T07:50+00:00,HOU,2026-08-12,1,96
2026-08-11T07:50+00:00,AUS,2026-08-11,0,100
2026-08-11T07:50+00:00,AUS,2026-08-12,1,101
2026-08-11T07:50+00:00,ATL,2026-08-11,0,91
2026-08-11T07:50+00:00,ATL,2026-08-12,1,93
2026-08-11T12:27+00:00,NYC,2026-08-11,0,89
2026-08-11T12:27+00:00,NYC,2026-08-12,1,88
2026-08-11T12:27+00:00,CHI,2026-08-11,0,82
2026-08-11T12:27+00:00,CHI,2026-08-12,1,83
2026-08-11T12:27+00:00,MIA,2026-08-11,0,93
2026-08-11T12:27+00:00,MIA,2026-08-12,1,93
2026-08-11T12:27+00:00,LAX,2026-08-11,0,78
2026-08-11T12:27+00:00,LAX,2026-08-12,1,76
2026-08-11T12:27+00:00,SFO,2026-08-11,0,74
2026-08-11T12:27+00:00,SFO,2026-08-12,1,73
2026-08-11T12:27+00:00,SEA,2026-08-11,0,77
2026-08-11T12:27+00:00,SEA,2026-08-12,1,75
2026-08-11T12:27+00:00,DEN,2026-08-11,0,94
2026-08-11T12:27+00:00,DEN,2026-08-12,1,92
2026-08-11T12:27+00:00,DAL,2026-08-11,0,100
2026-08-11T12:27+00:00,DAL,2026-08-12,1,101
2026-08-11T12:27+00:00,HOU,2026-08-11,0,95
2026-08-11T12:27+00:00,HOU,2026-08-12,1,96
2026-08-11T12:27+00:00,AUS,2026-08-11,0,100
2026-08-11T12:27+00:00,AUS,2026-08-12,1,101
2026-08-11T12:27+00:00,ATL,2026-08-11,0,91
2026-08-11T12:27+00:00,ATL,2026-08-12,1,93
2026-08-11T19:41+00:00,NYC,2026-08-11,0,89
2026-08-11T19:41+00:00,NYC,2026-08-12,1,88
2026-08-11T19:41+00:00,CHI,2026-08-11,0,80
2026-08-11T19:41+00:00,CHI,2026-08-12,1,82
2026-08-11T19:41+00:00,MIA,2026-08-11,0,93
2026-08-11T19:41+00:00,MIA,2026-08-12,1,93
2026-08-11T19:41+00:00,LAX,2026-08-11,0,78
2026-08-11T19:41+00:00,LAX,2026-08-12,1,76
2026-08-11T19:41+00:00,SFO,2026-08-11,0,74
2026-08-11T19:41+00:00,SFO,2026-08-12,1,72
2026-08-11T19:41+00:00,SEA,2026-08-11,0,79
2026-08-11T19:41+00:00,SEA,2026-08-12,1,76
2026-08-11T19:41+00:00,DEN,2026-08-11,0,96
2026-08-11T19:41+00:00,DEN,2026-08-12,1,93
2026-08-11T19:41+00:00,DAL,2026-08-11,0,102
2026-08-11T19:41+00:00,DAL,2026-08-12,1,102
2026-08-11T19:41+00:00,HOU,2026-08-11,0,94
2026-08-11T19:41+00:00,HOU,2026-08-12,1,94
2026-08-11T19:41+00:00,AUS,2026-08-11,0,100
2026-08-11T19:41+00:00,AUS,2026-08-12,1,100
2026-08-11T19:41+00:00,ATL,2026-08-11,0,91
2026-08-11T19:41+00:00,ATL,2026-08-12,1,92
2026-08-12T03:07+00:00,NYC,2026-08-12,1,87
2026-08-12T03:07+00:00,CHI,2026-08-12,1,82
2026-08-12T03:07+00:00,MIA,2026-08-12,1,93
2026-08-12T03:07+00:00,LAX,2026-08-12,1,76
2026-08-12T03:07+00:00,SFO,2026-08-12,1,72
2026-08-12T03:07+00:00,SEA,2026-08-12,1,76
2026-08-12T03:07+00:00,DEN,2026-08-12,1,93
2026-08-12T03:07+00:00,DAL,2026-08-12,1,102
2026-08-12T03:07+00:00,HOU,2026-08-12,1,94
2026-08-12T03:07+00:00,AUS,2026-08-12,1,100
2026-08-12T03:07+00:00,ATL,2026-08-12,1,92
2026-08-12T09:47+00:00,NYC,2026-08-12,0,91
2026-08-12T09:47+00:00,NYC,2026-08-13,1,89
2026-08-12T09:47+00:00,CHI,2026-08-12,0,83
2026-08-12T09:47+00:00,CHI,2026-08-13,1,80
2026-08-12T09:47+00:00,MIA,2026-08-12,0,93
2026-08-12T09:47+00:00,MIA,2026-08-13,1,93
2026-08-12T09:47+00:00,LAX,2026-08-12,0,76
2026-08-12T09:47+00:00,LAX,2026-08-13,1,75
2026-08-12T09:47+00:00,SFO,2026-08-12,0,72
2026-08-12T09:47+00:00,SFO,2026-08-13,1,68
2026-08-12T09:47+00:00,SEA,2026-08-12,0,76
2026-08-12T09:47+00:00,SEA,2026-08-13,1,81
2026-08-12T09:47+00:00,DEN,2026-08-12,0,94
2026-08-12T09:47+00:00,DEN,2026-08-13,1,84
2026-08-12T09:47+00:00,DAL,2026-08-12,0,102
2026-08-12T09:47+00:00,DAL,2026-08-13,1,101
2026-08-12T09:47+00:00,HOU,2026-08-12,0,94
2026-08-12T09:47+00:00,HOU,2026-08-13,1,95
2026-08-12T09:47+00:00,AUS,2026-08-12,0,101
2026-08-12T09:47+00:00,AUS,2026-08-13,1,101
2026-08-12T09:47+00:00,ATL,2026-08-12,0,92
2026-08-12T09:47+00:00,ATL,2026-08-13,1,94
2026-08-12T14:05+00:00,NYC,2026-08-12,0,91
2026-08-12T14:05+00:00,NYC,2026-08-13,1,89
2026-08-12T14:05+00:00,CHI,2026-08-12,0,83
2026-08-12T14:05+00:00,CHI,2026-08-13,1,80
2026-08-12T14:05+00:00,MIA,2026-08-12,0,93
2026-08-12T14:05+00:00,MIA,2026-08-13,1,93
2026-08-12T14:05+00:00,LAX,2026-08-12,0,76
2026-08-12T14:05+00:00,LAX,2026-08-13,1,75
2026-08-12T14:05+00:00,SFO,2026-08-12,0,72
2026-08-12T14:05+00:00,SFO,2026-08-13,1,68
2026-08-12T14:05+00:00,SEA,2026-08-12,0,76
2026-08-12T14:05+00:00,SEA,2026-08-13,1,81
2026-08-12T14:05+00:00,DEN,2026-08-12,0,94
2026-08-12T14:05+00:00,DEN,2026-08-13,1,84
2026-08-12T14:05+00:00,DAL,2026-08-12,0,102
2026-08-12T14:05+00:00,DAL,2026-08-13,1,101
2026-08-12T14:05+00:00,HOU,2026-08-12,0,94
2026-08-12T14:05+00:00,HOU,2026-08-13,1,95
2026-08-12T14:05+00:00,AUS,2026-08-12,0,101
2026-08-12T14:05+00:00,AUS,2026-08-13,1,101
2026-08-12T14:05+00:00,ATL,2026-08-12,0,92
2026-08-12T14:05+00:00,ATL,2026-08-13,1,94
2026-08-12T19:45+00:00,NYC,2026-08-12,0,91
2026-08-12T19:45+00:00,NYC,2026-08-13,1,88
2026-08-12T19:45+00:00,CHI,2026-08-12,0,81
2026-08-12T19:45+00:00,CHI,2026-08-13,1,78
2026-08-12T19:45+00:00,MIA,2026-08-12,0,93
2026-08-12T19:45+00:00,MIA,2026-08-13,1,93
2026-08-12T19:45+00:00,LAX,2026-08-12,0,76
2026-08-12T19:45+00:00,LAX,2026-08-13,1,75
2026-08-12T19:45+00:00,SFO,2026-08-12,0,72
2026-08-12T19:45+00:00,SFO,2026-08-13,1,69
2026-08-12T19:45+00:00,SEA,2026-08-12,0,76
2026-08-12T19:45+00:00,SEA,2026-08-13,1,82
2026-08-12T19:45+00:00,DEN,2026-08-12,0,94
2026-08-12T19:45+00:00,DEN,2026-08-13,1,83
2026-08-12T19:45+00:00,DAL,2026-08-12,0,100
2026-08-12T19:45+00:00,DAL,2026-08-13,1,103
2026-08-12T19:45+00:00,HOU,2026-08-12,0,94
2026-08-12T19:45+00:00,HOU,2026-08-13,1,95
2026-08-12T19:45+00:00,AUS,2026-08-12,0,101
2026-08-12T19:45+00:00,AUS,2026-08-13,1,101
2026-08-12T19:45+00:00,ATL,2026-08-12,0,92
2026-08-12T19:45+00:00,ATL,2026-08-13,1,94
2026-08-13T03:12+00:00,NYC,2026-08-13,1,88
2026-08-13T03:12+00:00,CHI,2026-08-13,1,78
2026-08-13T03:12+00:00,MIA,2026-08-13,1,93
2026-08-13T03:12+00:00,LAX,2026-08-13,1,75
2026-08-13T03:12+00:00,SFO,2026-08-13,1,69
2026-08-13T03:12+00:00,SEA,2026-08-13,1,82
2026-08-13T03:12+00:00,DEN,2026-08-13,1,83
2026-08-13T03:12+00:00,DAL,2026-08-13,1,103
2026-08-13T03:12+00:00,HOU,2026-08-13,1,95
2026-08-13T03:12+00:00,AUS,2026-08-13,1,101
2026-08-13T03:12+00:00,ATL,2026-08-13,1,94
2026-08-13T08:03+00:00,NYC,2026-08-13,0,87
2026-08-13T08:03+00:00,NYC,2026-08-14,1,87
2026-08-13T08:03+00:00,CHI,2026-08-13,0,80
2026-08-13T08:03+00:00,CHI,2026-08-14,1,79
2026-08-13T08:03+00:00,MIA,2026-08-13,0,93
2026-08-13T08:03+00:00,MIA,2026-08-14,1,93
2026-08-13T08:03+00:00,LAX,2026-08-13,0,75
2026-08-13T08:03+00:00,LAX,2026-08-14,1,75
2026-08-13T08:03+00:00,SFO,2026-08-13,0,68
2026-08-13T08:03+00:00,SFO,2026-08-14,1,68
2026-08-13T08:03+00:00,SEA,2026-08-13,0,82
2026-08-13T08:03+00:00,SEA,2026-08-14,1,81
2026-08-13T08:03+00:00,DEN,2026-08-13,0,82
2026-08-13T08:03+00:00,DEN,2026-08-14,1,84
2026-08-13T08:03+00:00,DAL,2026-08-13,0,102
2026-08-13T08:03+00:00,DAL,2026-08-14,1,101
2026-08-13T08:03+00:00,HOU,2026-08-13,0,95
2026-08-13T08:03+00:00,HOU,2026-08-14,1,95
2026-08-13T08:03+00:00,AUS,2026-08-13,0,101
2026-08-13T08:03+00:00,AUS,2026-08-14,1,98
2026-08-13T08:03+00:00,ATL,2026-08-13,0,94
2026-08-13T08:03+00:00,ATL,2026-08-14,1,96
2026-08-13T14:05+00:00,NYC,2026-08-13,0,87
2026-08-13T14:05+00:00,NYC,2026-08-14,1,87
2026-08-13T14:05+00:00,CHI,2026-08-13,0,80
2026-08-13T14:05+00:00,CHI,2026-08-14,1,79
2026-08-13T14:05+00:00,MIA,2026-08-13,0,93
2026-08-13T14:05+00:00,MIA,2026-08-14,1,93
2026-08-13T14:05+00:00,LAX,2026-08-13,0,75
2026-08-13T14:05+00:00,LAX,2026-08-14,1,75
2026-08-13T14:05+00:00,SFO,2026-08-13,0,68
2026-08-13T14:05+00:00,SFO,2026-08-14,1,68
2026-08-13T14:05+00:00,SEA,2026-08-13,0,81
2026-08-13T14:05+00:00,SEA,2026-08-14,1,80
2026-08-13T14:05+00:00,DEN,2026-08-13,0,82
2026-08-13T14:05+00:00,DEN,2026-08-14,1,84
2026-08-13T14:05+00:00,DAL,2026-08-13,0,102
2026-08-13T14:05+00:00,DAL,2026-08-14,1,101
2026-08-13T14:05+00:00,HOU,2026-08-13,0,95
2026-08-13T14:05+00:00,HOU,2026-08-14,1,95
2026-08-13T14:05+00:00,AUS,2026-08-13,0,101
2026-08-13T14:05+00:00,AUS,2026-08-14,1,98
2026-08-13T14:05+00:00,ATL,2026-08-13,0,94
2026-08-13T14:05+00:00,ATL,2026-08-14,1,96
2026-08-13T19:41+00:00,NYC,2026-08-13,0,87
2026-08-13T19:41+00:00,NYC,2026-08-14,1,88
2026-08-13T19:41+00:00,CHI,2026-08-13,0,80
2026-08-13T19:41+00:00,CHI,2026-08-14,1,80
2026-08-13T19:41+00:00,MIA,2026-08-13,0,93
2026-08-13T19:41+00:00,MIA,2026-08-14,1,93
2026-08-13T19:41+00:00,LAX,2026-08-13,0,75
2026-08-13T19:41+00:00,LAX,2026-08-14,1,75
2026-08-13T19:41+00:00,SFO,2026-08-13,0,68
2026-08-13T19:41+00:00,SFO,2026-08-14,1,68
2026-08-13T19:41+00:00,SEA,2026-08-13,0,82
2026-08-13T19:41+00:00,SEA,2026-08-14,1,80
2026-08-13T19:41+00:00,DEN,2026-08-13,0,81
2026-08-13T19:41+00:00,DEN,2026-08-14,1,84
2026-08-13T19:41+00:00,DAL,2026-08-13,0,103
2026-08-13T19:41+00:00,DAL,2026-08-14,1,102
2026-08-13T19:41+00:00,HOU,2026-08-13,0,95
2026-08-13T19:41+00:00,HOU,2026-08-14,1,94
2026-08-13T19:41+00:00,AUS,2026-08-13,0,102
2026-08-13T19:41+00:00,AUS,2026-08-14,1,99
2026-08-13T19:41+00:00,ATL,2026-08-13,0,94
2026-08-13T19:41+00:00,ATL,2026-08-14,1,95
2026-08-14T03:10+00:00,NYC,2026-08-14,1,88
2026-08-14T03:10+00:00,CHI,2026-08-14,1,80
2026-08-14T03:10+00:00,MIA,2026-08-14,1,93
2026-08-14T03:10+00:00,LAX,2026-08-14,1,75
2026-08-14T03:10+00:00,SFO,2026-08-14,1,68
2026-08-14T03:10+00:00,SEA,2026-08-14,1,80
2026-08-14T03:10+00:00,DEN,2026-08-14,1,84
2026-08-14T03:10+00:00,DAL,2026-08-14,1,102
2026-08-14T03:10+00:00,HOU,2026-08-14,1,94
2026-08-14T03:10+00:00,AUS,2026-08-14,1,99
2026-08-14T03:10+00:00,ATL,2026-08-14,1,95
2026-08-14T08:00+00:00,NYC,2026-08-14,0,88
2026-08-14T08:00+00:00,NYC,2026-08-15,1,84
2026-08-14T08:00+00:00,CHI,2026-08-14,0,80
2026-08-14T08:00+00:00,CHI,2026-08-15,1,83
2026-08-14T08:00+00:00,MIA,2026-08-14,0,93
2026-08-14T08:00+00:00,MIA,2026-08-15,1,93
2026-08-14T08:00+00:00,LAX,2026-08-14,0,77
2026-08-14T08:00+00:00,LAX,2026-08-15,1,77
2026-08-14T08:00+00:00,SFO,2026-08-14,0,68
2026-08-14T08:00+00:00,SFO,2026-08-15,1,68
2026-08-14T08:00+00:00,SEA,2026-08-14,0,81
2026-08-14T08:00+00:00,SEA,2026-08-15,1,81
2026-08-14T08:00+00:00,DEN,2026-08-14,0,83
2026-08-14T08:00+00:00,DEN,2026-08-15,1,82
2026-08-14T08:00+00:00,DAL,2026-08-14,0,102
2026-08-14T08:00+00:00,DAL,2026-08-15,1,102
2026-08-14T08:00+00:00,HOU,2026-08-14,0,93
2026-08-14T08:00+00:00,HOU,2026-08-15,1,95
2026-08-14T08:00+00:00,AUS,2026-08-14,0,99
2026-08-14T08:00+00:00,AUS,2026-08-15,1,100
2026-08-14T08:00+00:00,ATL,2026-08-14,0,95
2026-08-14T08:00+00:00,ATL,2026-08-15,1,97
2026-08-14T14:00+00:00,NYC,2026-08-14,0,88
2026-08-14T14:00+00:00,NYC,2026-08-15,1,84
2026-08-14T14:00+00:00,CHI,2026-08-14,0,79
2026-08-14T14:00+00:00,CHI,2026-08-15,1,83
2026-08-14T14:00+00:00,MIA,2026-08-14,0,93
2026-08-14T14:00+00:00,MIA,2026-08-15,1,93
2026-08-14T14:00+00:00,LAX,2026-08-14,0,77
2026-08-14T14:00+00:00,LAX,2026-08-15,1,77
2026-08-14T14:00+00:00,SFO,2026-08-14,0,68
2026-08-14T14:00+00:00,SFO,2026-08-15,1,68
2026-08-14T14:00+00:00,SEA,2026-08-14,0,81
2026-08-14T14:00+00:00,SEA,2026-08-15,1,81
2026-08-14T14:00+00:00,DEN,2026-08-14,0,83
2026-08-14T14:00+00:00,DEN,2026-08-15,1,82
2026-08-14T14:00+00:00,DAL,2026-08-14,0,102
2026-08-14T14:00+00:00,DAL,2026-08-15,1,102
2026-08-14T14:00+00:00,HOU,2026-08-14,0,93
2026-08-14T14:00+00:00,HOU,2026-08-15,1,95
2026-08-14T14:00+00:00,AUS,2026-08-14,0,99
2026-08-14T14:00+00:00,AUS,2026-08-15,1,100
2026-08-14T14:00+00:00,ATL,2026-08-14,0,95
2026-08-14T14:00+00:00,ATL,2026-08-15,1,97
2026-08-14T19:34+00:00,NYC,2026-08-14,0,88
2026-08-14T19:34+00:00,NYC,2026-08-15,1,85
2026-08-14T19:34+00:00,CHI,2026-08-14,0,79
2026-08-14T19:34+00:00,CHI,2026-08-15,1,84
2026-08-14T19:34+00:00,MIA,2026-08-14,0,93
2026-08-14T19:34+00:00,MIA,2026-08-15,1,93
2026-08-14T19:34+00:00,LAX,2026-08-14,0,77
2026-08-14T19:34+00:00,LAX,2026-08-15,1,76
2026-08-14T19:34+00:00,SFO,2026-08-14,0,68
2026-08-14T19:34+00:00,SFO,2026-08-15,1,68
2026-08-14T19:34+00:00,SEA,2026-08-14,0,81
2026-08-14T19:34+00:00,SEA,2026-08-15,1,79
2026-08-14T19:34+00:00,DEN,2026-08-14,0,84
2026-08-14T19:34+00:00,DEN,2026-08-15,1,82
2026-08-14T19:34+00:00,DAL,2026-08-14,0,102
2026-08-14T19:34+00:00,DAL,2026-08-15,1,101
2026-08-14T19:34+00:00,HOU,2026-08-14,0,94
2026-08-14T19:34+00:00,HOU,2026-08-15,1,96
2026-08-14T19:34+00:00,AUS,2026-08-14,0,99
2026-08-14T19:34+00:00,AUS,2026-08-15,1,100
2026-08-14T19:34+00:00,ATL,2026-08-14,0,95
2026-08-14T19:34+00:00,ATL,2026-08-15,1,95
2026-08-15T02:02+00:00,NYC,2026-08-15,1,85
2026-08-15T02:02+00:00,CHI,2026-08-15,1,84
2026-08-15T02:02+00:00,MIA,2026-08-15,1,93
2026-08-15T02:02+00:00,LAX,2026-08-15,1,76
2026-08-15T02:02+00:00,SFO,2026-08-15,1,68
2026-08-15T02:02+00:00,SEA,2026-08-15,1,79
2026-08-15T02:02+00:00,DEN,2026-08-15,1,82
2026-08-15T02:02+00:00,DAL,2026-08-15,1,101
2026-08-15T02:02+00:00,HOU,2026-08-15,1,96
2026-08-15T02:02+00:00,AUS,2026-08-15,1,100
2026-08-15T02:02+00:00,ATL,2026-08-15,1,95
2026-08-15T07:14+00:00,NYC,2026-08-15,0,84
2026-08-15T07:14+00:00,NYC,2026-08-16,1,82
2026-08-15T07:14+00:00,CHI,2026-08-15,0,81
2026-08-15T07:14+00:00,CHI,2026-08-16,1,84
2026-08-15T07:14+00:00,MIA,2026-08-15,0,93
2026-08-15T07:14+00:00,MIA,2026-08-16,1,94
2026-08-15T07:14+00:00,LAX,2026-08-15,0,78
2026-08-15T07:14+00:00,LAX,2026-08-16,1,78
2026-08-15T07:14+00:00,SFO,2026-08-15,0,68
2026-08-15T07:14+00:00,SFO,2026-08-16,1,70
2026-08-15T07:14+00:00,SEA,2026-08-15,0,79
2026-08-15T07:14+00:00,SEA,2026-08-16,1,80
2026-08-15T07:14+00:00,DEN,2026-08-15,0,82
2026-08-15T07:14+00:00,DEN,2026-08-16,1,83
2026-08-15T07:14+00:00,DAL,2026-08-15,0,102
2026-08-15T07:14+00:00,DAL,2026-08-16,1,103
2026-08-15T07:14+00:00,HOU,2026-08-15,0,96
2026-08-15T07:14+00:00,HOU,2026-08-16,1,96
2026-08-15T07:14+00:00,AUS,2026-08-15,0,100
2026-08-15T07:14+00:00,AUS,2026-08-16,1,100
2026-08-15T07:14+00:00,ATL,2026-08-15,0,95
2026-08-15T07:14+00:00,ATL,2026-08-16,1,97
2026-08-15T13:16+00:00,NYC,2026-08-15,0,84
2026-08-15T13:16+00:00,NYC,2026-08-16,1,82
2026-08-15T13:16+00:00,CHI,2026-08-15,0,81
2026-08-15T13:16+00:00,CHI,2026-08-16,1,84
2026-08-15T13:16+00:00,MIA,2026-08-15,0,93
2026-08-15T13:16+00:00,MIA,2026-08-16,1,94
2026-08-15T13:16+00:00,LAX,2026-08-15,0,78
2026-08-15T13:16+00:00,LAX,2026-08-16,1,78
2026-08-15T13:16+00:00,SFO,2026-08-15,0,68
2026-08-15T13:16+00:00,SFO,2026-08-16,1,70
2026-08-15T13:16+00:00,SEA,2026-08-15,0,79
2026-08-15T13:16+00:00,SEA,2026-08-16,1,80
2026-08-15T13:16+00:00,DEN,2026-08-15,0,82
2026-08-15T13:16+00:00,DEN,2026-08-16,1,83
2026-08-15T13:16+00:00,DAL,2026-08-15,0,102
2026-08-15T13:16+00:00,DAL,2026-08-16,1,103
2026-08-15T13:16+00:00,HOU,2026-08-15,0,96
2026-08-15T13:16+00:00,HOU,2026-08-16,1,96
2026-08-15T13:16+00:00,AUS,2026-08-15,0,100
2026-08-15T13:16+00:00,AUS,2026-08-16,1,100
2026-08-15T13:16+00:00,ATL,2026-08-15,0,95
2026-08-15T13:16+00:00,ATL,2026-08-16,1,97
2026-08-15T19:01+00:00,NYC,2026-08-15,0,84
2026-08-15T19:01+00:00,NYC,2026-08-16,1,82
2026-08-15T19:01+00:00,CHI,2026-08-15,0,80
2026-08-15T19:01+00:00,CHI,2026-08-16,1,85
2026-08-15T19:01+00:00,MIA,2026-08-15,0,93
2026-08-15T19:01+00:00,MIA,2026-08-16,1,94
2026-08-15T19:01+00:00,LAX,2026-08-15,0,78
2026-08-15T19:01+00:00,LAX,2026-08-16,1,78
2026-08-15T19:01+00:00,SFO,2026-08-15,0,70
2026-08-15T19:01+00:00,SFO,2026-08-16,1,72
2026-08-15T19:01+00:00,SEA,2026-08-15,0,79
2026-08-15T19:01+00:00,SEA,2026-08-16,1,78
2026-08-15T19:01+00:00,DEN,2026-08-15,0,81
2026-08-15T19:01+00:00,DEN,2026-08-16,1,83
2026-08-15T19:01+00:00,DAL,2026-08-15,0,102
2026-08-15T19:01+00:00,DAL,2026-08-16,1,103
2026-08-15T19:01+00:00,HOU,2026-08-15,0,96
2026-08-15T19:01+00:00,HOU,2026-08-16,1,97
2026-08-15T19:01+00:00,AUS,2026-08-15,0,100
2026-08-15T19:01+00:00,AUS,2026-08-16,1,100
2026-08-15T19:01+00:00,ATL,2026-08-15,0,95
2026-08-15T19:01+00:00,ATL,2026-08-16,1,97
2026-08-16T02:09+00:00,NYC,2026-08-16,1,82
2026-08-16T02:09+00:00,CHI,2026-08-16,1,84
2026-08-16T02:09+00:00,MIA,2026-08-16,1,95
2026-08-16T02:09+00:00,LAX,2026-08-16,1,78
2026-08-16T02:09+00:00,SFO,2026-08-16,1,72
2026-08-16T02:09+00:00,SEA,2026-08-16,1,78
2026-08-16T02:09+00:00,DEN,2026-08-16,1,83
2026-08-16T02:09+00:00,DAL,2026-08-16,1,103
2026-08-16T02:09+00:00,HOU,2026-08-16,1,97
2026-08-16T02:09+00:00,AUS,2026-08-16,1,100
2026-08-16T02:09+00:00,ATL,2026-08-16,1,95
2026-08-16T07:17+00:00,NYC,2026-08-16,0,83
2026-08-16T07:17+00:00,NYC,2026-08-17,1,85
2026-08-16T07:17+00:00,CHI,2026-08-16,0,84
2026-08-16T07:17+00:00,CHI,2026-08-17,1,81
2026-08-16T07:17+00:00,MIA,2026-08-16,0,94
2026-08-16T07:17+00:00,MIA,2026-08-17,1,96
2026-08-16T07:17+00:00,LAX,2026-08-16,0,78
2026-08-16T07:17+00:00,LAX,2026-08-17,1,79
2026-08-16T07:17+00:00,SFO,2026-08-16,0,72
2026-08-16T07:17+00:00,SFO,2026-08-17,1,70
2026-08-16T07:17+00:00,SEA,2026-08-16,0,78
2026-08-16T07:17+00:00,SEA,2026-08-17,1,79
2026-08-16T07:17+00:00,DEN,2026-08-16,0,83
2026-08-16T07:17+00:00,DEN,2026-08-17,1,89
2026-08-16T07:17+00:00,DAL,2026-08-16,0,104
2026-08-16T07:17+00:00,DAL,2026-08-17,1,104
2026-08-16T07:17+00:00,HOU,2026-08-16,0,97
2026-08-16T07:17+00:00,HOU,2026-08-17,1,97
2026-08-16T07:17+00:00,AUS,2026-08-16,0,101
2026-08-16T07:17+00:00,AUS,2026-08-17,1,101
2026-08-16T07:17+00:00,ATL,2026-08-16,0,96
2026-08-16T07:17+00:00,ATL,2026-08-17,1,98
2026-08-16T13:17+00:00,NYC,2026-08-16,0,83
2026-08-16T13:17+00:00,NYC,2026-08-17,1,85
2026-08-16T13:17+00:00,CHI,2026-08-16,0,84
2026-08-16T13:17+00:00,CHI,2026-08-17,1,81
2026-08-16T13:17+00:00,MIA,2026-08-16,0,94
2026-08-16T13:17+00:00,MIA,2026-08-17,1,96
2026-08-16T13:17+00:00,LAX,2026-08-16,0,78
2026-08-16T13:17+00:00,LAX,2026-08-17,1,79
2026-08-16T13:17+00:00,SFO,2026-08-16,0,72
2026-08-16T13:17+00:00,SFO,2026-08-17,1,70
2026-08-16T13:17+00:00,SEA,2026-08-16,0,78
2026-08-16T13:17+00:00,SEA,2026-08-17,1,79
2026-08-16T13:17+00:00,DEN,2026-08-16,0,83
2026-08-16T13:17+00:00,DEN,2026-08-17,1,89
2026-08-16T13:17+00:00,DAL,2026-08-16,0,104
2026-08-16T13:17+00:00,DAL,2026-08-17,1,104
2026-08-16T13:17+00:00,HOU,2026-08-16,0,97
2026-08-16T13:17+00:00,HOU,2026-08-17,1,97
2026-08-16T13:17+00:00,AUS,2026-08-16,0,102
2026-08-16T13:17+00:00,AUS,2026-08-17,1,101
2026-08-16T13:17+00:00,ATL,2026-08-16,0,96
2026-08-16T13:17+00:00,ATL,2026-08-17,1,98
2026-08-16T19:00+00:00,NYC,2026-08-16,0,82
2026-08-16T19:00+00:00,NYC,2026-08-17,1,84
2026-08-16T19:00+00:00,CHI,2026-08-16,0,84
2026-08-16T19:00+00:00,CHI,2026-08-17,1,81
2026-08-16T19:00+00:00,MIA,2026-08-16,0,94
2026-08-16T19:00+00:00,MIA,2026-08-17,1,96
2026-08-16T19:00+00:00,LAX,2026-08-16,0,78
2026-08-16T19:00+00:00,LAX,2026-08-17,1,79
2026-08-16T19:00+00:00,SFO,2026-08-16,0,72
2026-08-16T19:00+00:00,SFO,2026-08-17,1,70
2026-08-16T19:00+00:00,SEA,2026-08-16,0,78
2026-08-16T19:00+00:00,SEA,2026-08-17,1,79
2026-08-16T19:00+00:00,DEN,2026-08-16,0,83
2026-08-16T19:00+00:00,DEN,2026-08-17,1,90
2026-08-16T19:00+00:00,DAL,2026-08-16,0,104
2026-08-16T19:00+00:00,DAL,2026-08-17,1,105
2026-08-16T19:00+00:00,HOU,2026-08-16,0,97
2026-08-16T19:00+00:00,HOU,2026-08-17,1,97
2026-08-16T19:00+00:00,AUS,2026-08-16,0,102
2026-08-16T19:00+00:00,AUS,2026-08-17,1,102
2026-08-16T19:00+00:00,ATL,2026-08-16,0,96
2026-08-16T19:00+00:00,ATL,2026-08-17,1,98
2026-08-17T02:07+00:00,NYC,2026-08-17,1,84
2026-08-17T02:07+00:00,CHI,2026-08-17,1,80
2026-08-17T02:07+00:00,MIA,2026-08-17,1,97
2026-08-17T02:07+00:00,LAX,2026-08-17,1,79
2026-08-17T02:07+00:00,SFO,2026-08-17,1,70
2026-08-17T02:07+00:00,SEA,2026-08-17,1,79
2026-08-17T02:07+00:00,DEN,2026-08-17,1,90
2026-08-17T02:07+00:00,DAL,2026-08-17,1,105
2026-08-17T02:07+00:00,HOU,2026-08-17,1,98
2026-08-17T02:07+00:00,AUS,2026-08-17,1,102
2026-08-17T02:07+00:00,ATL,2026-08-17,1,97
2026-08-17T07:37+00:00,NYC,2026-08-17,0,85
2026-08-17T07:37+00:00,NYC,2026-08-18,1,87
2026-08-17T07:37+00:00,CHI,2026-08-17,0,78
2026-08-17T07:37+00:00,CHI,2026-08-18,1,80
2026-08-17T07:37+00:00,MIA,2026-08-17,0,97
2026-08-17T07:37+00:00,MIA,2026-08-18,1,98
2026-08-17T07:37+00:00,LAX,2026-08-17,0,79
2026-08-17T07:37+00:00,LAX,2026-08-18,1,80
2026-08-17T07:37+00:00,SFO,2026-08-17,0,71
2026-08-17T07:37+00:00,SFO,2026-08-18,1,72
2026-08-17T07:37+00:00,SEA,2026-08-17,0,79
2026-08-17T07:37+00:00,SEA,2026-08-18,1,78
2026-08-17T07:37+00:00,DEN,2026-08-17,0,89
2026-08-17T07:37+00:00,DEN,2026-08-18,1,92
2026-08-17T07:37+00:00,DAL,2026-08-17,0,106
2026-08-17T07:37+00:00,DAL,2026-08-18,1,106
2026-08-17T07:37+00:00,HOU,2026-08-17,0,98
2026-08-17T07:37+00:00,HOU,2026-08-18,1,98
2026-08-17T07:37+00:00,AUS,2026-08-17,0,102
2026-08-17T07:37+00:00,AUS,2026-08-18,1,101
2026-08-17T07:37+00:00,ATL,2026-08-17,0,98
2026-08-17T07:37+00:00,ATL,2026-08-18,1,95
2026-08-17T13:24+00:00,NYC,2026-08-17,0,85
2026-08-17T13:24+00:00,NYC,2026-08-18,1,87
2026-08-17T13:24+00:00,CHI,2026-08-17,0,78
2026-08-17T13:24+00:00,CHI,2026-08-18,1,80
2026-08-17T13:24+00:00,MIA,2026-08-17,0,97
2026-08-17T13:24+00:00,MIA,2026-08-18,1,98
2026-08-17T13:24+00:00,LAX,2026-08-17,0,79
2026-08-17T13:24+00:00,LAX,2026-08-18,1,80
2026-08-17T13:24+00:00,SFO,2026-08-17,0,71
2026-08-17T13:24+00:00,SFO,2026-08-18,1,72
2026-08-17T13:24+00:00,SEA,2026-08-17,0,79
2026-08-17T13:24+00:00,SEA,2026-08-18,1,78
2026-08-17T13:24+00:00,DEN,2026-08-17,0,89
2026-08-17T13:24+00:00,DEN,2026-08-18,1,92
2026-08-17T13:24+00:00,DAL,2026-08-17,0,106
2026-08-17T13:24+00:00,DAL,2026-08-18,1,106
2026-08-17T13:24+00:00,HOU,2026-08-17,0,98
2026-08-17T13:24+00:00,HOU,2026-08-18,1,98
2026-08-17T13:24+00:00,AUS,2026-08-17,0,102
2026-08-17T13:24+00:00,AUS,2026-08-18,1,101
2026-08-17T13:24+00:00,ATL,2026-08-17,0,98
2026-08-17T13:24+00:00,ATL,2026-08-18,1,95
2026-08-17T19:14+00:00,NYC,2026-08-17,0,81
2026-08-17T19:14+00:00,NYC,2026-08-18,1,86
2026-08-17T19:14+00:00,CHI,2026-08-17,0,78
2026-08-17T19:14+00:00,CHI,2026-08-18,1,81
2026-08-17T19:14+00:00,MIA,2026-08-17,0,97
2026-08-17T19:14+00:00,MIA,2026-08-18,1,98
2026-08-17T19:14+00:00,LAX,2026-08-17,0,79
2026-08-17T19:14+00:00,LAX,2026-08-18,1,80
2026-08-17T19:14+00:00,SFO,2026-08-17,0,71
2026-08-17T19:14+00:00,SFO,2026-08-18,1,72
2026-08-17T19:14+00:00,SEA,2026-08-17,0,79
2026-08-17T19:14+00:00,SEA,2026-08-18,1,78
2026-08-17T19:14+00:00,DEN,2026-08-17,0,90
2026-08-17T19:14+00:00,DEN,2026-08-18,1,91
2026-08-17T19:14+00:00,DAL,2026-08-17,0,105
2026-08-17T19:14+00:00,DAL,2026-08-18,1,106
2026-08-17T19:14+00:00,HOU,2026-08-17,0,98
2026-08-17T19:14+00:00,HOU,2026-08-18,1,97
2026-08-17T19:14+00:00,AUS,2026-08-17,0,102
2026-08-17T19:14+00:00,AUS,2026-08-18,1,101
2026-08-17T19:14+00:00,ATL,2026-08-17,0,98
2026-08-17T19:14+00:00,ATL,2026-08-18,1,94
2026-08-18T02:03+00:00,NYC,2026-08-18,1,86
2026-08-18T02:03+00:00,CHI,2026-08-18,1,81
2026-08-18T02:03+00:00,MIA,2026-08-18,1,98
2026-08-18T02:03+00:00,LAX,2026-08-18,1,80
2026-08-18T02:03+00:00,SFO,2026-08-18,1,72
2026-08-18T02:03+00:00,SEA,2026-08-18,1,78
2026-08-18T02:03+00:00,DEN,2026-08-18,1,91
2026-08-18T02:03+00:00,DAL,2026-08-18,1,106
2026-08-18T02:03+00:00,HOU,2026-08-18,1,97
2026-08-18T02:03+00:00,AUS,2026-08-18,1,101
2026-08-18T02:03+00:00,ATL,2026-08-18,1,94
2026-08-18T07:23+00:00,NYC,2026-08-18,0,86
2026-08-18T07:23+00:00,NYC,2026-08-19,1,88
2026-08-18T07:23+00:00,CHI,2026-08-18,0,81
2026-08-18T07:23+00:00,CHI,2026-08-19,1,77
2026-08-18T07:23+00:00,MIA,2026-08-18,0,98
2026-08-18T07:23+00:00,MIA,2026-08-19,1,97
2026-08-18T07:23+00:00,LAX,2026-08-18,0,80
2026-08-18T07:23+00:00,LAX,2026-08-19,1,81
2026-08-18T07:23+00:00,SFO,2026-08-18,0,74
2026-08-18T07:23+00:00,SFO,2026-08-19,1,72
2026-08-18T07:23+00:00,SEA,2026-08-18,0,78
2026-08-18T07:23+00:00,SEA,2026-08-19,1,77
2026-08-18T07:23+00:00,DEN,2026-08-18,0,92
2026-08-18T07:23+00:00,DEN,2026-08-19,1,89
2026-08-18T07:23+00:00,DAL,2026-08-18,0,106
2026-08-18T07:23+00:00,DAL,2026-08-19,1,106
2026-08-18T07:23+00:00,HOU,2026-08-18,0,97
2026-08-18T07:23+00:00,HOU,2026-08-19,1,99
2026-08-18T07:23+00:00,AUS,2026-08-18,0,102
2026-08-18T07:23+00:00,AUS,2026-08-19,1,102
2026-08-18T07:23+00:00,ATL,2026-08-18,0,94
2026-08-18T07:23+00:00,ATL,2026-08-19,1,95
2026-08-18T13:27+00:00,NYC,2026-08-18,0,86
2026-08-18T13:27+00:00,NYC,2026-08-19,1,88
2026-08-18T13:27+00:00,CHI,2026-08-18,0,81
2026-08-18T13:27+00:00,CHI,2026-08-19,1,77
2026-08-18T13:27+00:00,MIA,2026-08-18,0,98
2026-08-18T13:27+00:00,MIA,2026-08-19,1,97
2026-08-18T13:27+00:00,LAX,2026-08-18,0,80
2026-08-18T13:27+00:00,LAX,2026-08-19,1,81
2026-08-18T13:27+00:00,SFO,2026-08-18,0,74
2026-08-18T13:27+00:00,SFO,2026-08-19,1,72
2026-08-18T13:27+00:00,SEA,2026-08-18,0,78
2026-08-18T13:27+00:00,SEA,2026-08-19,1,77
2026-08-18T13:27+00:00,DEN,2026-08-18,0,92
2026-08-18T13:27+00:00,DEN,2026-08-19,1,89
2026-08-18T13:27+00:00,DAL,2026-08-18,0,106
2026-08-18T13:27+00:00,DAL,2026-08-19,1,106
2026-08-18T13:27+00:00,HOU,2026-08-18,0,97
2026-08-18T13:27+00:00,HOU,2026-08-19,1,99
2026-08-18T13:27+00:00,AUS,2026-08-18,0,102
2026-08-18T13:27+00:00,AUS,2026-08-19,1,102
2026-08-18T13:27+00:00,ATL,2026-08-18,0,94
2026-08-18T13:27+00:00,ATL,2026-08-19,1,95
2026-08-18T19:14+00:00,NYC,2026-08-18,0,86
2026-08-18T19:14+00:00,NYC,2026-08-19,1,87
2026-08-18T19:14+00:00,CHI,2026-08-18,0,81
2026-08-18T19:14+00:00,CHI,2026-08-19,1,79
2026-08-18T19:14+00:00,MIA,2026-08-18,0,99
2026-08-18T19:14+00:00,MIA,2026-08-19,1,97
2026-08-18T19:14+00:00,LAX,2026-08-18,0,80
2026-08-18T19:14+00:00,LAX,2026-08-19,1,81
2026-08-18T19:14+00:00,SFO,2026-08-18,0,72
2026-08-18T19:14+00:00,SFO,2026-08-19,1,72
2026-08-18T19:14+00:00,SEA,2026-08-18,0,78
2026-08-18T19:14+00:00,SEA,2026-08-19,1,77
2026-08-18T19:14+00:00,DEN,2026-08-18,0,91
2026-08-18T19:14+00:00,DEN,2026-08-19,1,89
2026-08-18T19:14+00:00,DAL,2026-08-18,0,106
2026-08-18T19:14+00:00,DAL,2026-08-19,1,106
2026-08-18T19:14+00:00,HOU,2026-08-18,0,96
2026-08-18T19:14+00:00,HOU,2026-08-19,1,97
2026-08-18T19:14+00:00,AUS,2026-08-18,0,102
2026-08-18T19:14+00:00,AUS,2026-08-19,1,103
2026-08-18T19:14+00:00,ATL,2026-08-18,0,94
2026-08-18T19:14+00:00,ATL,2026-08-19,1,95
2026-08-19T02:06+00:00,NYC,2026-08-19,1,87
2026-08-19T02:06+00:00,CHI,2026-08-19,1,79
2026-08-19T02:06+00:00,MIA,2026-08-19,1,97
2026-08-19T02:06+00:00,LAX,2026-08-19,1,81
2026-08-19T02:06+00:00,SFO,2026-08-19,1,72
2026-08-19T02:06+00:00,SEA,2026-08-19,1,77
2026-08-19T02:06+00:00,DEN,2026-08-19,1,89
2026-08-19T02:06+00:00,DAL,2026-08-19,1,106
2026-08-19T02:06+00:00,HOU,2026-08-19,1,97
2026-08-19T02:06+00:00,AUS,2026-08-19,1,103
2026-08-19T02:06+00:00,ATL,2026-08-19,1,95
2026-08-19T07:23+00:00,NYC,2026-08-19,0,88
2026-08-19T07:23+00:00,NYC,2026-08-20,1,82
2026-08-19T07:23+00:00,CHI,2026-08-19,0,79
2026-08-19T07:23+00:00,CHI,2026-08-20,1,81
2026-08-19T07:23+00:00,MIA,2026-08-19,0,98
2026-08-19T07:23+00:00,MIA,2026-08-20,1,94
2026-08-19T07:23+00:00,LAX,2026-08-19,0,81
2026-08-19T07:23+00:00,LAX,2026-08-20,1,82
2026-08-19T07:23+00:00,SFO,2026-08-19,0,74
2026-08-19T07:23+00:00,SFO,2026-08-20,1,70
2026-08-19T07:23+00:00,SEA,2026-08-19,0,78
2026-08-19T07:23+00:00,SEA,2026-08-20,1,81
2026-08-19T07:23+00:00,DEN,2026-08-19,0,89
2026-08-19T07:23+00:00,DEN,2026-08-20,1,94
2026-08-19T07:23+00:00,DAL,2026-08-19,0,106
2026-08-19T07:23+00:00,DAL,2026-08-20,1,106
2026-08-19T07:23+00:00,HOU,2026-08-19,0,98
2026-08-19T07:23+00:00,HOU,2026-08-20,1,100
2026-08-19T07:23+00:00,AUS,2026-08-19,0,102
2026-08-19T07:23+00:00,AUS,2026-08-20,1,103
2026-08-19T07:23+00:00,ATL,2026-08-19,0,95
2026-08-19T07:23+00:00,ATL,2026-08-20,1,97
2026-08-19T13:28+00:00,NYC,2026-08-19,0,88
2026-08-19T13:28+00:00,NYC,2026-08-20,1,82
2026-08-19T13:28+00:00,CHI,2026-08-19,0,79
2026-08-19T13:28+00:00,CHI,2026-08-20,1,81
2026-08-19T13:28+00:00,MIA,2026-08-19,0,98
2026-08-19T13:28+00:00,MIA,2026-08-20,1,94
2026-08-19T13:28+00:00,LAX,2026-08-19,0,81
2026-08-19T13:28+00:00,LAX,2026-08-20,1,82
2026-08-19T13:28+00:00,SFO,2026-08-19,0,74
2026-08-19T13:28+00:00,SFO,2026-08-20,1,70
2026-08-19T13:28+00:00,SEA,2026-08-19,0,78
2026-08-19T13:28+00:00,SEA,2026-08-20,1,81
2026-08-19T13:28+00:00,DEN,2026-08-19,0,89
2026-08-19T13:28+00:00,DEN,2026-08-20,1,93
2026-08-19T13:28+00:00,DAL,2026-08-19,0,106
2026-08-19T13:28+00:00,DAL,2026-08-20,1,106
2026-08-19T13:28+00:00,HOU,2026-08-19,0,98
2026-08-19T13:28+00:00,HOU,2026-08-20,1,100
2026-08-19T13:28+00:00,AUS,2026-08-19,0,102
2026-08-19T13:28+00:00,AUS,2026-08-20,1,103
2026-08-19T13:28+00:00,ATL,2026-08-19,0,95
2026-08-19T13:28+00:00,ATL,2026-08-20,1,97
